case_name,forward_m,left_m,start_x,start_y,target_x,target_y,end_x,end_y,initial_distance_m,final_error_m,path_length_m,path_efficiency,duration_sec,samples,turn_samples,forward_samples
case01_straight_030,0.3,0.0,0.051423,2.152321,-0.223842,2.271607,-0.219282,2.269631,0.2999999500349958,0.004969725948178631,0.2950302241081764,1.0168448027378956,5.440522,109,0,108
case02_left_030_020,0.3,0.2,-0.219878,2.26989,-0.574667,2.205667,-0.566429,2.207557,0.36055488937192354,0.008452026029302152,0.35226756323688685,1.0235256577667464,15.578683,311,198,112
case03_right_030_020,0.3,-0.2,-0.567545,2.207412,-0.89081,2.367098,-0.882479,2.36401,0.360554959501322,0.008884891952072321,0.35179714316723637,1.0248945066899602,12.135429,242,130,111
case04_straight_050,0.5,0.0,-0.883304,2.364429,-1.329185,2.590681,-1.324469,2.588288,0.49999983366497247,0.005288393423337751,0.49471144025923325,1.010689854681687,6.541009,131,0,130
case05_left_040_030,0.4,0.3,-1.325048,2.588582,-1.817504,2.502055,-1.81372,2.50216,0.49999983366497236,0.0037854565114395487,0.49667877721759435,1.0066865277916295,15.554236,310,175,134
case06_right_040_030,0.4,-0.3,-1.814109,2.502064,-2.273953,2.698389,-2.26967,2.695762,0.5000000099610001,0.0050244619612452015,0.4954507711570618,1.0091820198267412,16.640348,332,197,134
